datetime,open,high,low,close,volume
2026-03-12T12:00:00+00:00,8674.24,8676.73,8559.23,8595.92,43761.06741261205
2026-03-13T00:00:00+00:00,8595.92,8656.92,8501,8601.02,23146.739315847393
2026-03-13T12:00:00+00:00,8601.02,8642.01,8529,8542.8,36714.78683294984
2026-03-15T12:00:00+00:00,8542.8,8592.54,8542.8,8577.52,4456
2026-03-16T00:00:00+00:00,8577.52,8619.53,8532.12,8584.14,23763.683660676445
2026-03-16T12:00:00+00:00,8584.14,8658.13,8584.12,8615.11,25704.303890910116
2026-03-17T00:00:00+00:00,8615.11,8629.22,8558.2,8612.71,17890
2026-03-17T12:00:00+00:00,8612.71,8669.71,8598.91,8602.93,18172.990049396776
2026-03-18T00:00:00+00:00,8602.93,8658.03,8595.91,8628.51,7116.501203323442
2026-03-18T12:00:00+00:00,8628.51,8630.02,8460.64,8483.55,16255.679098023673
2026-03-19T00:00:00+00:00,8483.55,8503.55,8403.65,8423.64,30237
2026-03-19T12:00:00+00:00,8423.64,8506.26,8364.14,8476.24,50429.845147228654
2026-03-20T00:00:00+00:00,8476.24,8495.76,8380.24,8440.26,27322.158008658007
2026-03-20T12:00:00+00:00,8440.26,8452.76,8250.74,8285.54,47331.393341818904
2026-03-22T12:00:00+00:00,8285.54,8299.51,8263,8294.49,4860
2026-03-23T00:00:00+00:00,8294.49,8608.41,8278.99,8478.6,65804
2026-03-23T12:00:00+00:00,8478.6,8579.11,8431.54,8438.04,60232.453444623505
2026-03-24T00:00:00+00:00,8438.04,8456.66,8366.14,8416.64,38034
2026-03-24T12:00:00+00:00,8416.64,8510.53,8359.44,8508.03,55949.52539811026
2026-03-25T00:00:00+00:00,8508.03,8589.62,8501.51,8584.62,32372
2026-03-25T12:00:00+00:00,8584.62,8597.13,8511.11,8534.48,47447.808750545766
2026-03-26T00:00:00+00:00,8534.48,8552.5,8454.59,8455.1,26369.7703180212
2026-03-26T12:00:00+00:00,8455.1,8522.19,8419.08,8508.68,42221.32459544876
2026-03-27T00:00:00+00:00,8508.68,8526.8,8382.78,8409.8,26434
2026-03-27T12:00:00+00:00,8409.8,8466.3,8388.78,8413.59,37713.4398198811
2026-03-29T12:00:00+00:00,8413.59,8427.13,8357.11,8371.63,5052
2026-03-30T00:00:00+00:00,8371.63,8530.72,8350.11,8496.22,29579.8195069282
2026-03-30T12:00:00+00:00,8496.22,8533.72,8420.830000000002,8439.34,29605.977070669294
2026-03-31T00:00:00+00:00,8439.34,8538.34,8399.830000000002,8508.64,39403
2026-03-31T12:00:00+00:00,8508.64,8630.05,8487.64,8626.04,41552.05675583166
2026-04-01T00:00:00+00:00,8626.04,8708.13,8599.04,8698.13,20540
2026-04-01T12:00:00+00:00,8698.13,8711.65,8656.13,8703.900000000001,26911.27776145113
2026-04-02T00:00:00+00:00,8703.900000000001,8714.900000000001,8549,8565.210000000001,36778.4541523463
2026-04-02T12:00:00+00:00,8565.210000000001,8581.710000000001,8555.69,8569.210000000001,1627
2026-04-06T12:00:00+00:00,8569.7,8689.57,8569.7,8678.06,494
2026-04-07T00:00:00+00:00,8678.06,8808.95,8678.06,8717.07,31392.547826086957
2026-04-07T12:00:00+00:00,8717.07,9129.3,8663.55,9117.32,47264.02475305225
2026-04-08T00:00:00+00:00,9117.32,9140.21,8923.76,8977.27,28064
2026-04-08T12:00:00+00:00,8977.27,8986.28,8866.920000000002,8876.400000000001,31367.44547970768
2026-04-09T00:00:00+00:00,8876.400000000001,8969.54,8869.810000000001,8951.53,15881
2026-04-09T12:00:00+00:00,8951.53,8991.02,8913.04,8927.89,22348.728459198763
2026-04-10T00:00:00+00:00,8927.89,9028.84,8904.789999999999,9021.32,12887.473210519896
2026-04-10T12:00:00+00:00,9021.32,9054.64,8976.34,9003.84,15686.337839213817
2026-04-12T12:00:00+00:00,9003.32,9003.32,8899.04,8910.52,299
2026-04-13T00:00:00+00:00,8910.52,8963.53,8887.92,8932.52,13108.728290496076
2026-04-13T12:00:00+00:00,8932.52,9043.51,8927.53,9008.91,18995.86409944696
2026-04-14T00:00:00+00:00,9008.91,9010.32,8934.300000000001,8978.71,13166.49355670103
2026-04-14T12:00:00+00:00,8978.71,9035.51,8963.21,9021.359999999999,11291.388851056956
2026-04-15T00:00:00+00:00,9021.359999999999,9023.27,8970.38,8998.39,11069.12549385734
2026-04-15T12:00:00+00:00,8998.39,9020.09,8969.38,9011.57,11135.673518066744
2026-04-16T00:00:00+00:00,9011.57,9021.97,8924.33,8940.85,8771.992730210015
2026-04-16T12:00:00+00:00,8940.85,8957.83,8905.33,8932.35,15228.048163378835
2026-04-17T00:00:00+00:00,8932.35,8971.93,8896.74,8957.43,8712.504975502185
2026-04-17T12:00:00+00:00,8957.43,9049.43,8955.92,9020.199999999999,23811.890488027148
2026-04-19T12:00:00+00:00,9021.71,9021.71,8930.88,8932.39,239
2026-04-20T00:00:00+00:00,8932.39,8976.9,8895.78,8964.9,14776
2026-04-20T12:00:00+00:00,8964.9,9001.01,8940.38,8970.17,20201.97120493478
2026-04-21T00:00:00+00:00,8970.17,8976.56,8907.57,8956.34,12695.776461773197
2026-04-21T12:00:00+00:00,8956.34,8962.35,8841.83,8924.2,37396.04783486411
2026-04-22T00:00:00+00:00,8924.2,8927.12,8815.86,8838.84,16308.693080788558
2026-04-22T12:00:00+00:00,8838.84,8846.36,8773.94,8798.43,22088.706013000516
2026-04-23T00:00:00+00:00,8798.43,8814.85,8730.33,8809.1,25782.17185338866
2026-04-23T12:00:00+00:00,8809.1,8848.6,8745.58,8826.1,41109.15299896642
2026-04-24T00:00:00+00:00,8826.1,8830.510000000002,8751.87,8807.39,24642
2026-04-24T12:00:00+00:00,8807.39,8810.89,8739.89,8750.9,24038.195186590885
2026-04-26T12:00:00+00:00,8750.39,8750.39,8736.86,8737.87,176
2026-04-27T00:00:00+00:00,8737.87,8776.27,8725.25,8757.36,12754.873290150954
2026-04-27T12:00:00+00:00,8757.36,8758.86,8691.85,8716.619999999999,12253.93277811708
2026-04-28T00:00:00+00:00,8716.619999999999,8733.52,8669.45,8674.94,14327.793828509135
2026-04-28T12:00:00+00:00,8674.94,8705.96,8655.94,8687.84,20386.333499484146
2026-04-29T00:00:00+00:00,8687.84,8722.24,8633.16,8657.17,15837.014089231801
2026-04-29T12:00:00+00:00,8657.17,8659.17,8594.65,8644.4,23662.01060678278
2026-04-30T00:00:00+00:00,8644.4,8761.79,8638.289999999999,8748.98,23210
2026-04-30T12:00:00+00:00,8748.98,8797.38,8720.97,8776.509999999998,17230.084668916767
2026-05-01T00:00:00+00:00,8776.509999999998,8787.429999999998,8709.42,8718.41,7520.838563221717
2026-05-01T12:00:00+00:00,8718.41,8755.73,8707.91,8711.89,10154.229684836722
2026-05-03T12:00:00+00:00,8710.91,8725.41,8710.91,8720.92,121
2026-05-04T00:00:00+00:00,8720.92,8738.32,8598.42,8651.41,19887.02064896755
2026-05-04T12:00:00+00:00,8651.41,8698.92,8615.91,8630.77,23185.001904285666
2026-05-05T00:00:00+00:00,8630.77,8702.79,8608.67,8687.78,15162.047812817906
2026-05-05T12:00:00+00:00,8687.78,8775.8,8665.78,8765.8,11636.053724496154
2026-05-06T00:00:00+00:00,8765.8,8910.47,8748.19,8892.97,21091.738668158927
2026-05-06T12:00:00+00:00,8892.97,8893.45,8830.48,8834.48,16175.074271606623
2026-05-07T00:00:00+00:00,8834.48,8899.84,8825.88,8858.34,13197.932243617872
2026-05-07T12:00:00+00:00,8858.34,8870.84,8713.31,8781.21,23445.07058995529
2026-05-08T00:00:00+00:00,8781.21,8808.289999999999,8712.71,8731.72,15247.084364119644
2026-05-08T12:00:00+00:00,8731.72,8743.22,8692.21,8709.21,11680.076162202655
2026-05-10T12:00:00+00:00,8709.7,8709.7,8663.03,8684.54,210
2026-05-11T00:00:00+00:00,8684.54,8715.53,8636.92,8706.53,12025.739674190309
2026-05-11T12:00:00+00:00,8706.53,8749.02,8697.02,8721.02,9439.789556371372
2026-05-12T00:00:00+00:00,8721.02,8721.93,8621.14,8633.86,16918.593732727444
2026-05-12T12:00:00+00:00,8633.86,8653.35,8590.34,8618.08,13983.238426497239
2026-05-13T00:00:00+00:00,8618.08,8644.48,8575.98,8595.39,13744.947482836686
2026-05-13T12:00:00+00:00,8595.39,8620.86,8555.89,8612.36,9659.578011914373
2026-05-14T00:00:00+00:00,8612.36,8697.18,8601.27,8689.66,13170.564540665404
2026-05-14T12:00:00+00:00,8689.66,8714.66,8649.62,8654.130000000001,9263.686659867393
2026-05-15T00:00:00+00:00,8654.130000000001,8684.04,8598.17,8605.19,25713
2026-05-15T12:00:00+00:00,8605.19,8616.69,8573.67,8582.68,17027
2026-05-17T12:00:00+00:00,8582.68,8590.44,8577.42,8583.42,322
2026-05-18T00:00:00+00:00,8583.42,8589.84,8489.44,8554.43,33950
2026-05-18T12:00:00+00:00,8554.43,8601.41,8530.94,8565.650000000001,29023.520317428065
2026-05-19T00:00:00+00:00,8565.650000000001,8652.48,8556.04,8609.16,24938
2026-05-19T12:00:00+00:00,8609.16,8631.16,8565.66,8577.76,22609.462406045623
2026-05-20T00:00:00+00:00,8577.76,8586.66,8482.65,8517.32,31012
2026-05-20T12:00:00+00:00,8517.32,8625.32,8515.32,8610.560000000001,24696.926004989076
2026-05-21T00:00:00+00:00,8610.560000000001,8644.79,8577.27,8597.79,22053
2026-05-21T12:00:00+00:00,8597.79,8698.27,8585.77,8690.25,27093.819578351227
2026-05-22T00:00:00+00:00,8690.25,8706.17,8626.9,8636.91,12304.165383290301
2026-05-22T12:00:00+00:00,8636.91,8661.41,8606.9,8607.4,14981.77031983048
2026-05-24T12:00:00+00:00,8606.9,8658.26,8606.9,8655.75,328
2026-05-25T00:00:00+00:00,8655.75,8717.76,8640.67,8711.76,7948.89960543787
2026-05-25T12:00:00+00:00,8711.76,8718.74,8665.02,8671.02,4403.715064049273
2026-05-26T00:00:00+00:00,8671.02,8674.93,8617.410000000002,8658.96,12088.262221943301
2026-05-26T12:00:00+00:00,8658.96,8673.21,8625.96,8665.159999999998,8729.73599491681
2026-05-27T00:00:00+00:00,8665.159999999998,8734.71,8636.55,8705.2,10963.67627668761
2026-05-27T12:00:00+00:00,8705.2,8735.72,8626.86,8635.37,12763.971671735428
2026-05-28T00:00:00+00:00,8635.37,8642.54,8536.26,8619.02,17656
2026-05-28T12:00:00+00:00,8619.02,8683.54,8611.52,8654.970000000001,11694.940458685145
2026-05-29T00:00:00+00:00,8654.970000000001,8751.79,8646.36,8741.28,10892.35943099602
2026-05-29T12:00:00+00:00,8741.28,8762.79,8717.27,8718.77,9790.129960905258
2026-05-31T12:00:00+00:00,8718.27,8718.27,8705.56,8707.57,184
2026-06-01T00:00:00+00:00,8707.57,8764.05,8694.45,8751.57,9524.32672413793
2026-06-01T12:00:00+00:00,8751.57,8754.07,8643.37,8677.880000000001,16265.608675096786
2026-06-02T00:00:00+00:00,8677.880000000001,8758.62,8602.27,8746.6,14817
2026-06-02T12:00:00+00:00,8746.6,8770.12,8725.07,8762.619999999999,7383.53997425196
2026-06-03T00:00:00+00:00,8762.619999999999,8805.509999999998,8723.5,8753.15,10108.144628583303
2026-06-03T12:00:00+00:00,8753.15,8756.16,8702.57,8750.21,10424.82663319234
2026-06-04T00:00:00+00:00,8750.21,8750.599999999999,8654.08,8696.07,18035
2026-06-04T12:00:00+00:00,8696.07,8726.59,8666.999999999998,8667.49,8220.989487741745
2026-06-05T00:00:00+00:00,8667.49,8669.909999999998,8579.99,8632.31,18567.82588235294
2026-06-05T12:00:00+00:00,8632.31,8638.81,8484.28,8493.770000000002,22922.771253935913
2026-06-08T00:00:00+00:00,8494.29,8566,8494.29,8555.48,11557
2026-06-08T12:00:00+00:00,8555.48,8581.99,8501.279999999999,8518.279999999999,20807.6071804904
2026-06-09T00:00:00+00:00,8518.279999999999,8648.98,8474.18,8638.46,21841.40784707848
2026-06-09T12:00:00+00:00,8638.46,8671.47,8518.48,8576.85,43851.626481139225
2026-06-10T00:00:00+00:00,8576.85,8667.26,8576.85,8618.04,41918
2026-06-10T12:00:00+00:00,8618.04,8703.02,8552.61,8561.26,50004.87975358171
2026-06-11T00:00:00+00:00,8561.26,8701.49,8547.160000000002,8695.49,27892
2026-06-11T12:00:00+00:00,8695.49,8803.01,8647.47,8773.619999999999,48632.15446443124
2026-06-12T00:00:00+00:00,8773.619999999999,8884.89,8757.01,8842.4,24778
2026-06-12T12:00:00+00:00,8842.4,8880.4,8799.38,8847.41,27063.330279349317
2026-06-14T12:00:00+00:00,8847.9,8889.42,8847.9,8879.41,329
2026-06-15T00:00:00+00:00,8879.41,8935.8,8876.82,8921.4,14440
2026-06-15T12:00:00+00:00,8921.4,8923.91,8768.4,8852.88,11259.64335933029
2026-06-16T00:00:00+00:00,8852.88,8951.4,8835.99,8931.42,17782.57674050633
2026-06-16T12:00:00+00:00,8931.42,8937.4,8871.61,8889.350000000002,12041.57601616939
2026-06-17T00:00:00+00:00,8889.350000000002,8980.770000000002,8886.650000000001,8949.47,10104
2026-06-17T12:00:00+00:00,8949.47,8977.47,8880.96,8947.499999999998,15527.428819088516
2026-06-18T00:00:00+00:00,8947.499999999998,8995.419999999998,8863.55,8871.57,17142
2026-06-18T12:00:00+00:00,8871.57,8896.05,8850.71,8867.419999999998,12139.388966890043
2026-06-19T00:00:00+00:00,8867.419999999998,8870.339999999998,8816.319999999998,8834.58,13717.535452403325
2026-06-19T12:00:00+00:00,8834.58,8852.09,8816.07,8817.59,4597.011612977732
2026-06-21T12:00:00+00:00,8818.09,8818.09,8789.1,8802.09,243
2026-06-22T00:00:00+00:00,8802.09,8852.99,8793.99,8846.6,13179
2026-06-22T12:00:00+00:00,8846.6,8874.11,8814.019999999999,8818.529999999999,12861.094146773463
2026-06-23T00:00:00+00:00,8818.529999999999,8838.929999999998,8731.22,8776.22,22981
2026-06-23T12:00:00+00:00,8776.22,8835.23,8766.22,8794.5,20284.334556357127
2026-06-24T00:00:00+00:00,8794.5,8824.75,8781.4,8807.75,22128
2026-06-24T12:00:00+00:00,8807.75,8831.26,8767.25,8793.39,26700.63347653699
2026-06-25T00:00:00+00:00,8793.39,8803.38,8741.27,8783.86,16348
2026-06-25T12:00:00+00:00,8783.86,8810.36,8734.980000000001,8746.49,35585.48285224883
2026-06-26T00:00:00+00:00,8746.49,8810.05,8698.87,8772.54,28478
2026-06-26T12:00:00+00:00,8772.54,8830.84,8745.53,8794.54,24244.935051943055
2026-06-28T12:00:00+00:00,8795.04,8817.96,8786.46,8786.46,254
2026-06-29T00:00:00+00:00,8786.46,8854.45,8772.84,8830.96,22568
2026-06-29T12:00:00+00:00,8830.96,8846.94,8788.45,8824.380000000001,15109.857959823516
2026-06-30T00:00:00+00:00,8824.380000000001,8829.78,8763.37,8800.53,12793
2026-06-30T12:00:00+00:00,8800.53,8818.52,8776.53,8794.06,8384.976424725744
2026-07-01T00:00:00+00:00,8794.06,8796.46,8696.73,8697.73,14639.448402274153
2026-07-01T12:00:00+00:00,8697.73,8732.24,8679.24,8717.38,10350.25633269441
2026-07-02T00:00:00+00:00,8717.38,8772.93,8671.789999999999,8757.43,14993.420463032115
2026-07-02T12:00:00+00:00,8757.43,8825.43,8724.43,8787.990000000002,21779.618143989697
2026-07-03T00:00:00+00:00,8787.990000000002,8878.390000000001,8775.37,8809.36,11845.305338937827
2026-07-03T12:00:00+00:00,8809.36,8835.85,8807.84,8811.35,2414.3373306604694
2026-07-05T12:00:00+00:00,8807.85,8830.38,8807.85,8827.36,208
2026-07-06T00:00:00+00:00,8827.36,8866.88,8819.37,8821.36,9383.76215505943
2026-07-06T12:00:00+00:00,8821.36,8832.37,8791.039999999999,8802.36,5155.612464201491
2026-07-07T00:00:00+00:00,8802.36,8833.11,8767.24,8819.62,9679.771419816434
2026-07-07T12:00:00+00:00,8819.62,8838.62,8723.5,8725.51,12340.29958259236
2026-07-08T00:00:00+00:00,8725.51,8778.51,8629.39,8686.89,25360
2026-07-08T12:00:00+00:00,8686.89,8739.91,8664.9,8699.4,17676.941456036955
2026-07-09T00:00:00+00:00,8699.4,8763.41,8687.289999999999,8729.9,13639
2026-07-09T12:00:00+00:00,8729.9,8777.42,8726.92,8748.13,7549.55206954548
2026-07-10T00:00:00+00:00,8748.13,8820.33,8737.019999999999,8805.82,7718.4198724617
2026-07-10T12:00:00+00:00,8805.82,8836.33,8782.81,8829.83,8344.704404660924
2026-07-12T12:00:00+00:00,8830.83,8830.83,8799.63,8805.64,295
2026-07-13T00:00:00+00:00,8805.64,8860.28,8771.52,8831.26,13076.066538090647
2026-07-13T12:00:00+00:00,8831.26,8850.28,8740.92,8754.43,16010.942904104715
2026-07-14T00:00:00+00:00,8754.43,8801.41,8707.320000000002,8790.9,20636
2026-07-14T12:00:00+00:00,8790.9,8879.91,8780.89,8868.699999999999,15635.553788622823
2026-07-15T00:00:00+00:00,8868.699999999999,8886.609999999999,8798.97,8809.19,10409.09229208925
2026-07-15T12:00:00+00:00,8809.19,8863.3,8799.67,8861.289999999999,11370.364548525027
2026-07-16T00:00:00+00:00,8861.289999999999,8871.18,8778.47,8796.47,12623.428851815504
2026-07-16T12:00:00+00:00,8796.47,8834.48,8765.96,8792.269999999999,15340.826226277983
2026-07-17T00:00:00+00:00,8792.269999999999,8805.99,8730.659999999998,8803.01,14573
2026-07-17T12:00:00+00:00,8803.01,8844.51,8770.01,8836.51,13787.842563214808
2026-07-19T12:00:00+00:00,8831.77,8838.78,8828.27,8831.77,257
2026-07-20T00:00:00+00:00,8831.77,8839.66,8780.26,8824.76,15411.836161187699
2026-07-20T12:00:00+00:00,8824.76,8825.28,8732.21,8752.82,14532.651817515816
2026-07-21T00:00:00+00:00,8752.82,8802.21,8728.199999999999,8763.65,11636.518772627858
2026-07-21T12:00:00+00:00,8763.65,8809.82,8723.67,8806.34,9624.853009211332
2026-07-22T00:00:00+00:00,8806.34,8863.73,8794.72,8843.22,11553.807794181672
2026-07-22T12:00:00+00:00,8843.22,8902.73,8842.71,8858.7,9486.982086896072
2026-07-23T00:00:00+00:00,8858.7,8904.11,8792.11,8808.11,15427
2026-07-23T12:00:00+00:00,8808.11,8808.62,8752.63,8779.59,20930.101426715188
2026-07-24T00:00:00+00:00,8779.59,8804.89,8719.98,8799.9,14516.532826912642
2026-07-24T12:00:00+00:00,8799.9,8834.9,8780.39,8804.9,14876
2026-07-26T12:00:00+00:00,8804.9,8863.98,8804.9,8855.96,283
2026-07-27T00:00:00+00:00,8855.96,8894.48,8830.38,8878.47,10681.487892180478
2026-07-27T12:00:00+00:00,8878.47,8880.48,8825.92,8834.92,16053.014722028347
2026-07-28T00:00:00+00:00,8834.92,8975.37,8829.84,8949.88,15115.308416240925
2026-07-28T12:00:00+00:00,8949.88,9040.78,8947.38,9017.13,12807.890604494462
2026-07-29T00:00:00+00:00,9017.13,9103.55,9017.13,9067.41,20978
2026-07-29T12:00:00+00:00,9067.41,9083.4,8968.39,9045.01,33661.61068982416
2026-07-30T00:00:00+00:00,9045.01,9062.42,8956.15,9017.17,21747
2026-07-30T12:00:00+00:00,9017.17,9069.91,9009.16,9052.06,15181.426558102765
2026-07-31T00:00:00+00:00,9052.06,9056.96,8961.55,8981.16,13384.386962552011
2026-07-31T12:00:00+00:00,8981.16,8981.17,8884.66,8919.67,13878.09742790335
2026-08-02T12:00:00+00:00,8919.67,8956.71,8919.67,8947.71,302
2026-08-03T00:00:00+00:00,8947.71,9020.49,8936.61,9003.2,10899
2026-08-03T12:00:00+00:00,9003.2,9035.109999999999,8979.69,9029.609999999999,5511.288231485486
2026-08-04T00:00:00+00:00,9029.609999999999,9153.609999999999,9027.5,9136.71,11847
2026-08-04T12:00:00+00:00,9136.71,9186.81,9108.2,9153.76,7361.874726398912
2026-08-05T00:00:00+00:00,9153.76,9224.17,9124.15,9183.95,13768
2026-08-05T12:00:00+00:00,9183.95,9217.93,9174.81,9211.11,9517.170128200334
2026-08-06T00:00:00+00:00,9211.11,9287.03,9209.99,9260.53,11851
2026-08-06T12:00:00+00:00,9260.53,9278.03,9227.31,9234.9,8038.168046081081
2026-08-07T00:00:00+00:00,9234.9,9290.4,9210.79,9284.9,8234.28624975723
2026-08-07T12:00:00+00:00,9284.9,9315.38,9276.369999999999,9284.88,7516.989212544492
2026-08-09T12:00:00+00:00,9288.89,9288.89,9246.57,9248.59,256
2026-08-10T00:00:00+00:00,9248.59,9267.48,9201.49,9239.57,8880.774058480753
2026-08-10T12:00:00+00:00,9239.57,9243.59,9202.52,9221.02,5463.2578291222335
2026-08-11T00:00:00+00:00,9221.02,9280.94,9220.94,9261.79,11340
2026-08-11T12:00:00+00:00,9261.79,9262.8,9195.8,9203.85,7220.67413954073
2026-08-12T00:00:00+00:00,9203.85,9223.25,9176.75,9215.54,9711.477684951524
2026-08-12T12:00:00+00:00,9215.54,9217.54,9149.99,9160.5,8019.022270421532
2026-08-13T00:00:00+00:00,9160.5,9201.41,9109.39,9182.93,8695.396959746253
2026-08-13T12:00:00+00:00,9182.93,9188.43,9142.2,9142.7,6882.053011426849
2026-08-14T00:00:00+00:00,9142.7,9146.58,9081.41,9092.42,8823.46848233636
2026-08-14T12:00:00+00:00,9092.42,9102.41,9060.9,9074.41,4833.995567451723
2026-08-16T12:00:00+00:00,9073.41,9087.04,9073.41,9081.03,97
2026-08-17T00:00:00+00:00,9081.03,9108.44,9032.04,9032.54,8368.270311057913
2026-08-17T12:00:00+00:00,9032.54,9073.58,9005.03,9071.57,5320.145794214683
2026-08-18T00:00:00+00:00,9071.57,9114.47,9031.31,9062.33,10725.893953821738
2026-08-18T12:00:00+00:00,9062.33,9074.32,9003.96,9005.449999999999,5517.627866658933
2026-08-19T00:00:00+00:00,9005.449999999999,9067.78,8992.849999999999,9052.26,9005.185876882388
2026-08-19T12:00:00+00:00,9052.26,9099.01,9050.26,9076.869999999999,7348.45128796746
2026-08-20T00:00:00+00:00,9076.869999999999,9085.26,9016.54,9017.55,13442
2026-08-20T12:00:00+00:00,9017.55,9069.56,9001.06,9058.32,8294.027776763916
2026-08-21T00:00:00+00:00,9058.32,9075.71,9035.34,9054.85,9076.394551343608
2026-08-21T12:00:00+00:00,9054.85,9088.84,9046.34,9077.33,4821.777063145497
2026-08-23T12:00:00+00:00,9077.33,9084.59,9071.08,9082.59,211
2026-08-24T00:00:00+00:00,9082.59,9124.99,9063.99,9080.59,10214
2026-08-24T12:00:00+00:00,9080.59,9111.59,9069.57,9104.8,7250
2026-08-25T00:00:00+00:00,9104.8,9186.31,9104.8,9169.32,12498
2026-08-25T12:00:00+00:00,9169.32,9196.82,9158.31,9181.54,5231
2026-08-26T00:00:00+00:00,9181.54,9219.44,9106.54,9114.53,10373
2026-08-26T12:00:00+00:00,9114.53,9136.04,9094.53,9108.57,6316
2026-08-27T00:00:00+00:00,9108.57,9115.99,9005.57,9029.58,9742
2026-08-27T12:00:00+00:00,9029.58,9051.62,9000.58,9044.11,6778
2026-08-28T00:00:00+00:00,9044.11,9099.6,9038.02,9079.6,7788
2026-08-28T12:00:00+00:00,9079.6,9109.61,9026.6,9053.62,12139
2026-08-30T12:00:00+00:00,9053.62,9060.88,9040.37,9057.38,391
2026-08-31T00:00:00+00:00,9057.38,9125.27,9055.27,9087.88,9589
2026-08-31T12:00:00+00:00,9087.88,9092.87,9016.33,9024.82,5203
2026-09-01T00:00:00+00:00,9024.82,9068.32,8990.32,9025.32,12560
2026-09-01T12:00:00+00:00,9025.32,9040.83,8954.32,8963.59,9170
2026-09-02T00:00:00+00:00,8963.59,8998.08,8926.5,8988.09,13292
2026-09-02T12:00:00+00:00,8988.09,9016.1,8955.99,8955.99,8129
2026-09-03T00:00:00+00:00,8955.99,9020.9,8955.99,9013,10377
2026-09-03T12:00:00+00:00,9013,9047.5,9009,9043.59,6795
2026-09-04T00:00:00+00:00,9043.59,9050.49,8984.58,8990.6,7820
2026-09-04T12:00:00+00:00,8990.6,9008.1,8952.1,8998.59,8280
2026-09-06T12:00:00+00:00,8998.59,9004.04,8993.02,8994.04,115
2026-09-07T00:00:00+00:00,8994.04,9042.94,8978.04,8993.54,7647
2026-09-07T12:00:00+00:00,8993.54,9006.53,8986.33,8995.83,1987
2026-09-08T00:00:00+00:00,8995.83,9000.25,8884.34,8926.34,12225
2026-09-08T12:00:00+00:00,8926.34,8950.35,8914.19,8922.2,8752
2026-09-09T00:00:00+00:00,8922.2,8945.6,8824.21,8824.69,11226
2026-09-09T12:00:00+00:00,8824.69,8850.71,8793.76,8818.76,9298
2026-09-10T00:00:00+00:00,8818.76,8818.76,8734.17,8748.76,12735
2026-09-10T12:00:00+00:00,8748.76,8755.26,8704.02,8714.53,15190
2026-09-11T00:00:00+00:00,8714.53,8756.44,8692.92,8727.04,13883
2026-09-11T12:00:00+00:00,8727.04,8776.52,8705.32,8741.52,12642
